time,measurement_type,meas_x,meas_y,associated_target_id
0.0,target,4.389964300067759,-0.9931028428977406,1
1.0,target,-3.933172439971699,2.881148820779508,1
1.0,false_alarm,227.55446699060457,51.51621340965676,-1
2.0,target,6.843313991983188,-3.8437443576656376,1
3.0,target,-2.7537163782806555,1.1390739116782544,1
4.0,target,-4.7338803023338585,4.11927095140255,1
6.0,target,-6.134077686564105,4.090456833226908,1
7.0,target,3.7589138759568517,5.777973791728554,1
8.0,target,26.48718898708863,4.339722597344827,1
9.0,target,15.331196538053584,11.106384403326722,1
9.0,false_alarm,493.00517245610854,219.8585834712631,-1
10.0,target,9.622842574972141,20.075061504172783,1
11.0,target,40.003332370739386,20.49807769667769,1
12.0,target,30.61351666936148,14.089742997194001,1
12.0,false_alarm,585.1235190878551,194.9958465053051,-1
13.0,target,29.625108883116873,13.093539387692676,1
14.0,target,25.365587227978615,16.43043221756402,1
15.0,target,21.41177766012596,12.842861072103599,1
16.0,target,30.294641080381066,19.621704594639283,1
16.0,false_alarm,298.8034035014941,-27.270023119536546,-1
16.0,false_alarm,34.72444647783266,363.9528423722622,-1
17.0,target,38.82071253828212,20.633836439308354,1
18.0,target,37.90782825569161,19.25135021620464,1
19.0,false_alarm,283.3446394496147,61.08165489011256,-1
20.0,target,46.66705883344331,14.872854037412095,1
21.0,target,27.71736844048054,23.964184978308495,1
22.0,target,63.958053011888396,20.946214548703338,1
23.0,target,51.94410633129885,27.388751472753924,1
24.0,target,54.15926109627119,21.73059334341048,1
25.0,target,43.56412302360712,33.278712805394896,1
26.0,target,55.54196730084058,33.114451886152395,1
26.0,false_alarm,408.094594385761,13.211741348572033,-1
27.0,target,38.971463665422846,40.372868171849305,1
28.0,target,51.23602373696541,41.03192867473969,1
29.0,target,69.99318999646763,47.533657244180894,1
30.0,target,60.72106427223491,29.39878141777003,1
31.0,target,63.59047669846659,32.05362877437565,1
31.0,false_alarm,200.99780333081412,159.75740993892947,-1
32.0,target,66.10659677530607,34.044771778376855,1
33.0,target,68.06367279347931,37.79786528258437,1
34.0,target,63.54523257903104,55.23246039040345,1
34.0,false_alarm,-21.315980955194718,201.8895126584327,-1
35.0,target,60.36780558015033,41.531825213989855,1
36.0,target,79.87941367406714,44.21244865156126,1
37.0,target,79.63827330397534,41.28562120410145,1
38.0,target,68.27117791833444,57.484254842400205,1
38.0,false_alarm,514.3839566546735,161.65207648758866,-1
39.0,target,85.04066073156469,45.58505916372875,1
40.0,target,91.41206656201601,54.64408779706514,1
42.0,target,93.73157707376701,50.47433280701331,1
43.0,target,94.64947562131985,60.17106778597181,1
44.0,target,80.02725553371434,60.89378461594924,1
45.0,target,107.03206645677389,67.07556378702924,1
46.0,target,100.53511247243037,48.27990067299267,1
47.0,target,82.84962119051531,40.72015636552422,1
47.0,false_alarm,436.8014097167087,341.31035995095914,-1
48.0,target,85.89204474182314,57.46676119295748,1
49.0,target,104.04544857114621,59.50881097262265,1
49.0,false_alarm,129.01774555285897,261.0236664632769,-1
50.0,target,103.56326334199522,54.93620306932049,1
51.0,target,120.20128789504082,51.257687633065586,1
51.0,false_alarm,76.94218526901471,128.2550249809347,-1
52.0,target,111.94557810755163,62.940173023861625,1
53.0,target,117.23655797589029,64.62821946365212,1
54.0,target,94.24962714335805,39.98849267602776,1
55.0,target,112.37695924904475,57.81963434076024,1
57.0,target,115.57230568929555,69.90720209244286,1
58.0,target,119.72563760019595,62.45705313928,1
58.0,false_alarm,31.00037057850318,117.40670618829444,-1
59.0,target,119.94113370966983,61.40283559484699,1
60.0,target,118.29132990712733,79.37376932451627,1
61.0,target,126.00318413022072,73.90924736133411,1
62.0,target,123.84522363023676,74.17392989294171,1
63.0,target,127.95555975837868,89.03175998328761,1
63.0,false_alarm,404.6809542669842,398.38558251565684,-1
64.0,target,137.33478435609365,83.3511875715756,1
65.0,target,129.98394727786155,77.57119659421653,1
66.0,target,138.44550321446462,79.93231899392921,1
67.0,false_alarm,171.26304730121194,174.0143841330194,-1
68.0,target,137.46510754024084,89.78926427576172,1
68.0,false_alarm,-3.528691955048231,280.1866479950911,-1
69.0,target,138.11681318427927,77.16483585476755,1
69.0,false_alarm,-13.633010005697983,-54.09504342419527,-1
70.0,target,139.491229909747,80.38738998301238,1
71.0,target,136.05106922128232,90.08735532570715,1
72.0,target,144.37699043148268,79.24054381144744,1
73.0,target,139.14455180518814,99.03733817475045,1
74.0,false_alarm,175.87717830747755,13.589750456676683,-1
74.0,false_alarm,-12.565532475634015,-83.48803766713216,-1
74.0,false_alarm,252.33551359048488,-38.43317196680515,-1
75.0,target,144.46327006865633,84.35699692933936,1
76.0,target,152.35750858317053,94.11563156354478,1
77.0,target,155.67860846717645,95.25273901772842,1
78.0,target,172.96700618662405,99.53577827816679,1
79.0,target,163.10365668812162,80.42657270586248,1
80.0,target,167.6498804810933,96.00048801320906,1
81.0,target,158.5700934542718,103.49472596904182,1
83.0,target,167.5512457538538,99.38565445189145,1
83.0,false_alarm,395.4045432348481,324.84667132322335,-1
84.0,target,178.67801012237138,98.20759623513193,1
85.0,target,168.88950350878014,100.48683474286364,1
86.0,target,180.35451832700838,102.870116768644,1
87.0,target,162.1349400398714,99.32695940947302,1
87.0,false_alarm,461.25763866797706,251.420982794549,-1
88.0,target,168.29294288937712,99.35388979207501,1
89.0,target,164.80751008794718,118.78169843089944,1
90.0,target,179.73039295139935,106.33435022934157,1
91.0,target,184.19636619674284,122.10026553665574,1
92.0,target,175.0291801074394,107.03706280986603,1
93.0,target,199.77782035947695,113.49790252678788,1
93.0,false_alarm,216.97375013948533,215.53645608001636,-1
94.0,target,187.38169679356378,109.06329837988164,1
95.0,target,196.4145881399412,119.26299380443673,1
96.0,target,194.40035044158972,105.08283650292267,1
96.0,false_alarm,334.26980361760184,309.4583203594681,-1
97.0,target,200.58173594754246,107.56782552698928,1
98.0,target,210.02568464570928,113.92166794226422,1
99.0,target,208.41564135612924,122.66770363104978,1
99.0,false_alarm,491.3103704721419,292.62020134935597,-1
100.0,target,196.34912383133127,115.2262653258023,1
100.0,false_alarm,290.4780783563785,232.36944277677378,-1
101.0,target,216.63542310667683,109.94106043964432,1
102.0,target,210.35588295225068,120.56224078224598,1
102.0,false_alarm,213.16549727348797,85.81378191322639,-1
103.0,target,216.63792774295217,119.75146694358764,1
104.0,target,222.39749183499515,133.7657363136218,1
105.0,false_alarm,246.16887010122838,-0.9894591202715048,-1
106.0,target,234.16302567630225,112.20947563879761,1
107.0,target,241.52899102301134,98.04344465761369,1
108.0,target,241.52293717233042,112.6766084729862,1
110.0,target,245.3646294871207,119.48665478279483,1
111.0,target,238.45074630479237,123.15277397930986,1
112.0,target,235.42552298218484,123.56980891707529,1
113.0,target,262.1338676348192,123.7040877846579,1
114.0,target,245.13902979796478,119.56052947403025,1
115.0,target,257.64885400924044,125.36867560652763,1
116.0,target,249.781964421981,119.31632352200943,1
117.0,target,260.2712106656769,127.56454637441914,1
118.0,target,250.45711666287428,123.368178995846,1
119.0,target,264.7320595828802,130.2078667977149,1
120.0,target,263.81117071913525,121.88768425111176,1
121.0,target,270.3334831414995,120.76691128364135,1
122.0,target,275.8167296763537,129.9674973425704,1
122.0,false_alarm,331.99018314827475,103.1561349457065,-1
123.0,target,277.4670103402773,134.86650073946157,1
123.0,false_alarm,-65.3868755018759,231.65426424549565,-1
123.0,false_alarm,320.2433776548064,286.10295431663553,-1
124.0,target,286.07737194434327,134.37102439015302,1
125.0,target,279.6219629062423,112.93984281546443,1
125.0,false_alarm,366.1899051941451,239.20276674805626,-1
125.0,false_alarm,299.103904369053,376.2114556738067,-1
126.0,target,296.35223810124677,133.07317267338124,1
127.0,target,280.8443354065477,138.0028667809023,1
127.0,false_alarm,135.67921886314136,-61.251015131344644,-1
128.0,target,295.04994390795895,139.97316724982346,1
129.0,target,289.5247795552258,138.89753808209932,1
130.0,target,299.4453742471779,136.25887733743204,1
130.0,false_alarm,-0.26385596624504615,299.7457991422294,-1
131.0,target,279.5598799483008,134.72101214290367,1
131.0,false_alarm,391.6841146306995,-35.223376678404776,-1
132.0,target,278.31665709876694,137.10370762554697,1
133.0,target,316.80584165608076,147.88036543277192,1
134.0,target,312.29556278395734,135.18538404206134,1
135.0,target,324.45956171916123,138.9258615541461,1
136.0,target,322.34562955206496,140.65749357128684,1
137.0,target,312.91170963410457,140.0146787465158,1
137.0,false_alarm,43.31705390016012,265.4036067782063,-1
138.0,target,311.93045083291406,130.12057779481887,1
139.0,target,323.94541997488653,139.19643426843123,1
140.0,target,331.5714822225842,136.40667879245902,1
141.0,target,319.9813428336241,149.8036085229506,1
142.0,target,328.9829248075614,142.28977849450104,1
143.0,target,338.526662633417,140.73957613457432,1
144.0,target,351.9087471139407,162.49206931382344,1
145.0,target,349.06766929826193,146.20452155004287,1
146.0,target,343.2121342442577,141.26680305745393,1
147.0,target,347.72343427337927,142.53298786950515,1
148.0,target,350.15312703275833,146.6207776102921,1
148.0,false_alarm,352.98018329003037,61.814430819611005,-1
149.0,target,347.78333417546474,144.0855400989575,1
149.0,false_alarm,38.70083952972175,191.36312711739714,-1
150.0,target,347.77514198754074,170.95844666214234,1
150.0,false_alarm,281.462103146604,266.8435663966357,-1
151.0,target,350.66869324722023,161.09554834577503,1
152.0,target,352.33422080575605,167.4936250587418,1
152.0,false_alarm,-29.09501029072436,24.75973104406441,-1
153.0,target,364.3016783479784,151.24713130219726,1
154.0,target,359.2696658551345,139.97614559850317,1
154.0,false_alarm,19.895379094089563,143.51464074068573,-1
155.0,target,346.32383234187324,163.93557701785195,1
156.0,target,383.43873463848024,155.0807449805018,1
157.0,target,360.7447641528271,151.58500285483981,1
158.0,target,375.9398039467332,144.21714677371276,1
159.0,target,373.4909500864602,156.41565555246927,1
161.0,target,396.36426968498733,174.24396050307658,1
162.0,target,378.98815900736093,170.64200630572984,1
163.0,target,384.87018294528673,160.53569519214608,1
164.0,target,381.32320713018277,157.51069036207556,1
165.0,target,390.89071548182676,165.45899423284013,1
166.0,target,393.9427297375749,169.2462067274778,1
167.0,target,410.8321413488708,157.17781792288253,1
168.0,target,413.1224658326108,147.6851168057874,1
169.0,target,409.3083169853736,168.85020380887588,1
171.0,target,404.2749981019355,169.7165482669798,1
172.0,target,409.43825208861983,154.1178331868644,1
173.0,target,417.6959979649142,179.49519559182815,1
174.0,target,411.95122514691553,160.14492620298944,1
175.0,target,415.63814129627906,152.38101746650352,1
176.0,target,426.4546982268213,169.74577235759944,1
177.0,target,436.2896198678267,172.99986231981737,1
177.0,false_alarm,63.64104977152772,38.954316440771834,-1
178.0,target,430.8603737692849,159.43044668562922,1
179.0,target,422.3094596747956,157.32890429136884,1
180.0,target,429.0536633122059,172.43691062339093,1
181.0,target,431.80366545288996,172.09199819916012,1
182.0,target,432.3388544589562,169.38393783930272,1
183.0,target,434.01520555426055,169.9251436352548,1
184.0,target,438.34139966152765,170.69501689502457,1
185.0,target,445.4957272976557,176.38584509073547,1
186.0,target,447.88970966592115,182.28750112404887,1
188.0,target,452.56856815032154,167.9460127802073,1
190.0,target,458.9653094935262,186.20519471348055,1
192.0,target,464.39063699737966,179.42144768778564,1
193.0,target,467.28693526664,166.86944732316354,1
194.0,target,474.8763037498831,192.03352108946066,1
195.0,target,467.9910904486028,189.14321190739574,1
196.0,target,481.628445759527,184.1319055072613,1
197.0,target,481.5111811363688,187.28166074350506,1
197.0,false_alarm,348.5084510273321,159.409289411901,-1
198.0,false_alarm,-9.643264371480257,246.53586921922465,-1
199.0,target,486.07126600980257,190.3182405156565,1
