time,target_id,true_x,true_y,true_vx,true_vy
0.0,1,2.0,1.2,2.0,1.2
1.0,1,4.0,2.4,2.0,1.2
2.0,1,6.0,3.5999999999999996,2.0,1.2
3.0,1,8.0,4.8,2.0,1.2
4.0,1,10.0,6.0,2.0,1.2
5.0,1,12.0,7.2,2.0,1.2
6.0,1,14.0,8.4,2.0,1.2
7.0,1,16.0,9.6,2.0,1.2
8.0,1,18.0,10.799999999999999,2.0,1.2
9.0,1,20.0,11.999999999999998,2.0,1.2
10.0,1,22.0,13.199999999999998,2.0,1.2
11.0,1,24.0,14.399999999999997,2.0,1.2
12.0,1,26.0,15.599999999999996,2.0,1.2
13.0,1,28.0,16.799999999999997,2.0,1.2
14.0,1,30.0,17.999999999999996,2.0,1.2
15.0,1,32.0,19.199999999999996,2.0,1.2
16.0,1,34.0,20.399999999999995,2.0,1.2
17.0,1,36.0,21.599999999999994,2.0,1.2
18.0,1,38.0,22.799999999999994,2.0,1.2
19.0,1,40.0,23.999999999999993,2.0,1.2
20.0,1,42.0,25.199999999999992,2.0,1.2
21.0,1,44.0,26.39999999999999,2.0,1.2
22.0,1,46.0,27.59999999999999,2.0,1.2
23.0,1,48.0,28.79999999999999,2.0,1.2
24.0,1,50.0,29.99999999999999,2.0,1.2
25.0,1,52.0,31.19999999999999,2.0,1.2
26.0,1,54.0,32.39999999999999,2.0,1.2
27.0,1,56.0,33.599999999999994,2.0,1.2
28.0,1,58.0,34.8,2.0,1.2
29.0,1,60.0,36.0,2.0,1.2
30.0,1,62.0,37.2,2.0,1.2
31.0,1,64.0,38.400000000000006,2.0,1.2
32.0,1,66.0,39.60000000000001,2.0,1.2
33.0,1,68.0,40.80000000000001,2.0,1.2
34.0,1,70.0,42.000000000000014,2.0,1.2
35.0,1,72.0,43.20000000000002,2.0,1.2
36.0,1,74.0,44.40000000000002,2.0,1.2
37.0,1,76.0,45.60000000000002,2.0,1.2
38.0,1,78.0,46.800000000000026,2.0,1.2
39.0,1,80.0,48.00000000000003,2.0,1.2
40.0,1,82.0,49.20000000000003,2.0,1.2
41.0,1,84.0,50.400000000000034,2.0,1.2
42.0,1,86.0,51.60000000000004,2.0,1.2
43.0,1,88.0,52.80000000000004,2.0,1.2
44.0,1,90.0,54.00000000000004,2.0,1.2
45.0,1,92.0,55.200000000000045,2.0,1.2
46.0,1,94.0,56.40000000000005,2.0,1.2
47.0,1,96.0,57.60000000000005,2.0,1.2
48.0,1,98.0,58.800000000000054,2.0,1.2
49.0,1,100.0,60.00000000000006,2.0,1.2
50.0,1,102.0,61.20000000000006,2.0,1.2
51.0,1,104.0,62.40000000000006,2.0,1.2
52.0,1,106.0,63.600000000000065,2.0,1.2
53.0,1,108.0,64.80000000000007,2.0,1.2
54.0,1,110.0,66.00000000000007,2.0,1.2
55.0,1,112.0,67.20000000000007,2.0,1.2
56.0,1,114.0,68.40000000000008,2.0,1.2
57.0,1,116.0,69.60000000000008,2.0,1.2
58.0,1,118.0,70.80000000000008,2.0,1.2
59.0,1,120.0,72.00000000000009,2.0,1.2
60.0,1,122.0,73.20000000000009,2.0,1.2
61.0,1,124.0,74.40000000000009,2.0,1.2
62.0,1,126.0,75.6000000000001,2.0,1.2
63.0,1,128.0,76.8000000000001,2.0,1.2
64.0,1,130.0,78.0000000000001,2.0,1.2
65.0,1,132.0,79.2000000000001,2.0,1.2
66.0,1,134.0,80.4000000000001,2.0,1.2
67.0,1,136.0,81.60000000000011,2.0,1.2
68.0,1,138.0,82.80000000000011,2.0,1.2
69.0,1,140.0,84.00000000000011,2.0,1.2
70.0,1,142.0,85.20000000000012,2.0,1.2
71.0,1,144.0,86.40000000000012,2.0,1.2
72.0,1,146.0,87.60000000000012,2.0,1.2
73.0,1,148.0,88.80000000000013,2.0,1.2
74.0,1,150.0,90.00000000000013,2.0,1.2
75.0,1,152.0,91.20000000000013,2.0,1.2
76.0,1,154.0,92.40000000000013,2.0,1.2
77.0,1,156.0,93.60000000000014,2.0,1.2
78.0,1,158.0,94.80000000000014,2.0,1.2
79.0,1,160.0,96.00000000000014,2.0,1.2
80.0,1,162.0,97.20000000000014,2.0,1.2
81.0,1,164.0,98.40000000000015,2.0,1.2
82.0,1,166.0,99.60000000000015,2.0,1.2
83.0,1,168.0,100.80000000000015,2.0,1.2
84.0,1,170.0,102.00000000000016,2.0,1.2
85.0,1,172.0,103.20000000000016,2.0,1.2
86.0,1,174.0,104.40000000000016,2.0,1.2
87.0,1,176.0,105.60000000000016,2.0,1.2
88.0,1,178.0,106.80000000000017,2.0,1.2
89.0,1,180.0,108.00000000000017,2.0,1.2
90.0,1,182.8,108.70000000000017,2.8,0.7
91.0,1,185.60000000000002,109.40000000000018,2.8,0.7
92.0,1,188.40000000000003,110.10000000000018,2.8,0.7
93.0,1,191.20000000000005,110.80000000000018,2.8,0.7
94.0,1,194.00000000000006,111.50000000000018,2.8,0.7
95.0,1,196.80000000000007,112.20000000000019,2.8,0.7
96.0,1,199.60000000000008,112.90000000000019,2.8,0.7
97.0,1,202.4000000000001,113.6000000000002,2.8,0.7
98.0,1,205.2000000000001,114.3000000000002,2.8,0.7
99.0,1,208.0000000000001,115.0000000000002,2.8,0.7
100.0,1,210.80000000000013,115.7000000000002,2.8,0.7
101.0,1,213.60000000000014,116.4000000000002,2.8,0.7
102.0,1,216.40000000000015,117.10000000000021,2.8,0.7
103.0,1,219.20000000000016,117.80000000000021,2.8,0.7
104.0,1,222.00000000000017,118.50000000000021,2.8,0.7
105.0,1,224.80000000000018,119.20000000000022,2.8,0.7
106.0,1,227.6000000000002,119.90000000000022,2.8,0.7
107.0,1,230.4000000000002,120.60000000000022,2.8,0.7
108.0,1,233.20000000000022,121.30000000000022,2.8,0.7
109.0,1,236.00000000000023,122.00000000000023,2.8,0.7
110.0,1,238.80000000000024,122.70000000000023,2.8,0.7
111.0,1,241.60000000000025,123.40000000000023,2.8,0.7
112.0,1,244.40000000000026,124.10000000000024,2.8,0.7
113.0,1,247.20000000000027,124.80000000000024,2.8,0.7
114.0,1,250.00000000000028,125.50000000000024,2.8,0.7
115.0,1,252.8000000000003,126.20000000000024,2.8,0.7
116.0,1,255.6000000000003,126.90000000000025,2.8,0.7
117.0,1,258.4000000000003,127.60000000000025,2.8,0.7
118.0,1,261.20000000000033,128.30000000000024,2.8,0.7
119.0,1,264.00000000000034,129.00000000000023,2.8,0.7
120.0,1,266.80000000000035,129.70000000000022,2.8,0.7
121.0,1,269.60000000000036,130.4000000000002,2.8,0.7
122.0,1,272.4000000000004,131.1000000000002,2.8,0.7
123.0,1,275.2000000000004,131.80000000000018,2.8,0.7
124.0,1,278.0000000000004,132.50000000000017,2.8,0.7
125.0,1,280.8000000000004,133.20000000000016,2.8,0.7
126.0,1,283.6000000000004,133.90000000000015,2.8,0.7
127.0,1,286.40000000000043,134.60000000000014,2.8,0.7
128.0,1,289.20000000000044,135.30000000000013,2.8,0.7
129.0,1,292.00000000000045,136.0000000000001,2.8,0.7
130.0,1,294.80000000000047,136.7000000000001,2.8,0.7
131.0,1,297.6000000000005,137.4000000000001,2.8,0.7
132.0,1,300.4000000000005,138.10000000000008,2.8,0.7
133.0,1,303.2000000000005,138.80000000000007,2.8,0.7
134.0,1,306.0000000000005,139.50000000000006,2.8,0.7
135.0,1,308.8000000000005,140.20000000000005,2.8,0.7
136.0,1,311.60000000000053,140.90000000000003,2.8,0.7
137.0,1,314.40000000000055,141.60000000000002,2.8,0.7
138.0,1,317.20000000000056,142.3,2.8,0.7
139.0,1,320.00000000000057,143.0,2.8,0.7
140.0,1,322.8000000000006,143.7,2.8,0.7
141.0,1,325.6000000000006,144.39999999999998,2.8,0.7
142.0,1,328.4000000000006,145.09999999999997,2.8,0.7
143.0,1,331.2000000000006,145.79999999999995,2.8,0.7
144.0,1,334.0000000000006,146.49999999999994,2.8,0.7
145.0,1,336.80000000000064,147.19999999999993,2.8,0.7
146.0,1,339.60000000000065,147.89999999999992,2.8,0.7
147.0,1,342.40000000000066,148.5999999999999,2.8,0.7
148.0,1,345.20000000000067,149.2999999999999,2.8,0.7
149.0,1,348.0000000000007,149.9999999999999,2.8,0.7
150.0,1,350.8000000000007,150.69999999999987,2.8,0.7
151.0,1,353.6000000000007,151.39999999999986,2.8,0.7
152.0,1,356.4000000000007,152.09999999999985,2.8,0.7
153.0,1,359.2000000000007,152.79999999999984,2.8,0.7
154.0,1,362.00000000000074,153.49999999999983,2.8,0.7
155.0,1,364.80000000000075,154.19999999999982,2.8,0.7
156.0,1,367.60000000000076,154.8999999999998,2.8,0.7
157.0,1,370.4000000000008,155.5999999999998,2.8,0.7
158.0,1,373.2000000000008,156.29999999999978,2.8,0.7
159.0,1,376.0000000000008,156.99999999999977,2.8,0.7
160.0,1,378.8000000000008,157.69999999999976,2.8,0.7
161.0,1,381.6000000000008,158.39999999999975,2.8,0.7
162.0,1,384.40000000000083,159.09999999999974,2.8,0.7
163.0,1,387.20000000000084,159.79999999999973,2.8,0.7
164.0,1,390.00000000000085,160.49999999999972,2.8,0.7
165.0,1,392.80000000000086,161.1999999999997,2.8,0.7
166.0,1,395.6000000000009,161.8999999999997,2.8,0.7
167.0,1,398.4000000000009,162.59999999999968,2.8,0.7
168.0,1,401.2000000000009,163.29999999999967,2.8,0.7
169.0,1,404.0000000000009,163.99999999999966,2.8,0.7
170.0,1,406.8000000000009,164.69999999999965,2.8,0.7
171.0,1,409.60000000000093,165.39999999999964,2.8,0.7
172.0,1,412.40000000000094,166.09999999999962,2.8,0.7
173.0,1,415.20000000000095,166.7999999999996,2.8,0.7
174.0,1,418.00000000000097,167.4999999999996,2.8,0.7
175.0,1,420.800000000001,168.1999999999996,2.8,0.7
176.0,1,423.600000000001,168.89999999999958,2.8,0.7
177.0,1,426.400000000001,169.59999999999957,2.8,0.7
178.0,1,429.200000000001,170.29999999999956,2.8,0.7
179.0,1,432.000000000001,170.99999999999955,2.8,0.7
180.0,1,434.80000000000103,171.69999999999953,2.8,0.7
181.0,1,437.60000000000105,172.39999999999952,2.8,0.7
182.0,1,440.40000000000106,173.0999999999995,2.8,0.7
183.0,1,443.20000000000107,173.7999999999995,2.8,0.7
184.0,1,446.0000000000011,174.4999999999995,2.8,0.7
185.0,1,448.8000000000011,175.19999999999948,2.8,0.7
186.0,1,451.6000000000011,175.89999999999947,2.8,0.7
187.0,1,454.4000000000011,176.59999999999945,2.8,0.7
188.0,1,457.2000000000011,177.29999999999944,2.8,0.7
189.0,1,460.00000000000114,177.99999999999943,2.8,0.7
190.0,1,462.80000000000115,178.69999999999942,2.8,0.7
191.0,1,465.60000000000116,179.3999999999994,2.8,0.7
192.0,1,468.40000000000117,180.0999999999994,2.8,0.7
193.0,1,471.2000000000012,180.7999999999994,2.8,0.7
194.0,1,474.0000000000012,181.49999999999937,2.8,0.7
195.0,1,476.8000000000012,182.19999999999936,2.8,0.7
196.0,1,479.6000000000012,182.89999999999935,2.8,0.7
197.0,1,482.4000000000012,183.59999999999934,2.8,0.7
198.0,1,485.20000000000124,184.29999999999933,2.8,0.7
199.0,1,488.00000000000125,184.99999999999932,2.8,0.7
